<?xml version="1.0" encoding="UTF-8"?>
<beans xmlns="http://www.springframework.org/schema/beans"
xmlns:xsi="http://www.w3.org/2001/XMLSchema-instance"
xsi:schemaLocation="http://www.springframework.org/schema/beans
http://www.springframework.org/schema/beans/spring-beans-4.0.xsd
 http://www.springframework.org/schema/context
http://www.springframework.org/schema/context/spring-context-4.0.xsd">

	<bean id="person" class="com.oraclejava.springcore3.Person">
		<property name="name" value="우영우"/> <!-- 사람 이름 -->
		<property name="age" value="30"/> <!-- 나이 -->
	</bean>
	
	<!-- jdbc -->
	<bean id="dataSource"
		class="org.springframework.jdbc.datasource.DriverManagerDataSource">
		<property name="driverClassName" value="oracle.jdbc.driver.OracleDriver"/>
		<property name="url" value="jdbc:oracle:thin:@localhost:1522:xe"/>
		<property name="username" value="hr"/>
		<property name="password" value="hr"/>
	</bean>
	
	<bean
		class="org.springframework.jdbc.core.JdbcTemplate">
		<constructor-arg ref="dataSource"/>  <!-- 생성자 패턴 -->
	</bean>
	
</beans>









